Group 1,Group 2,H,p-value,q-value
AD (n=100),C (n=71),5.631008843760242,0.01764547337772876,0.01764547337772876
