Group 1,Group 2,H,p-value,q-value
AD (n=100),C (n=71),5.690674746151217,0.017055295541459757,0.017055295541459757
