Group 1,Group 2,H,p-value,q-value
AD (n=100),C (n=71),0.08317065181779526,0.7730457537465825,0.7730457537465825
