Group 1,Group 2,H,p-value,q-value
AD (n=100),C (n=71),1.6722602097387678,0.1959560713197185,0.1959560713197185
