Group 1,Group 2,H,p-value,q-value
AD (n=100),C (n=71),1.6601104678421528,0.19758840937413724,0.19758840937413724
